cfips, Loss
1001, None, None
1003, None, None
1005, None, None
1007, None, None
1009, None, None
1011, None, None
1013, None, None
1015, None, None
1017, None, None
1019, None, None
1021, None, None
1023, None, None
1025, None, None
1027, None, None
1029, None, None
1031, None, None
1033, None, None
1035, None, None
1037, None, None
1039, None, None
1041, None, None
1043, None, None
1045, None, None
1047, None, None
1049, None, None
1051, None, None
1053, None, None
1055, None, None
1057, None, None
1059, None, None
1061, None, None
1063, None, None
1065, None, None
1067, None, None
1069, None, None
1071, None, None
1073, None, None
1075, None, None
1077, None, None
1079, None, None
1081, None, None
1083, None, None
1085, None, None
1087, None, None
1089, None, None
1091, None, None
1093, None, None
1095, None, None
1097, None, None
1099, None, None
1101, None, None
1103, None, None
1105, None, None
1107, None, None
1109, None, None
1111, None, None
1113, None, None
1115, None, None
1117, None, None
1119, None, None
1121, None, None
1123, None, None
1125, None, None
1127, None, None
1129, None, None
1131, None, None
1133, None, None
2013, None, None
2016, None, None
2020, None, None
2050, None, None
2060, None, None
2068, None, None
2070, None, None
2090, None, None
2100, None, None
2105, None, None
2110, None, None
2122, None, None
2130, None, None
2150, None, None
2164, None, None
2170, None, None
2180, None, None
2185, None, None
2188, None, None
2195, None, None
2198, None, None
2220, None, None
2230, None, None
2240, None, None
2275, None, None
2282, None, None
2290, None, None
4001, None, None
4003, None, None
4005, None, None
4007, None, None
4009, None, None
4011, None, None
4012, None, None
4013, None, None
4015, None, None
4017, None, None
4019, None, None
4021, None, None
4023, None, None
4025, None, None
4027, None, None
5001, None, None
5003, None, None
5005, None, None
5007, None, None
5009, None, None
5011, None, None
5013, None, None
5015, None, None
5017, None, None
5019, None, None
5021, None, None
5023, None, None
5025, None, None
5027, None, None
5029, None, None
5031, None, None
5033, None, None
5035, None, None
5037, None, None
5039, None, None
5041, None, None
5043, None, None
5045, None, None
5047, None, None
5049, None, None
5051, None, None
5053, None, None
5055, None, None
5057, None, None
5059, None, None
5061, None, None
5063, None, None
5065, None, None
5067, None, None
5069, None, None
5071, None, None
5073, None, None
5075, None, None
5077, None, None
5079, None, None
5081, None, None
5083, None, None
5085, None, None
5087, None, None
5089, None, None
5091, None, None
5093, None, None
5095, None, None
5097, None, None
5099, None, None
5101, None, None
5103, None, None
5105, None, None
5107, None, None
5109, None, None
5111, None, None
5113, None, None
5115, None, None
5117, None, None
5119, None, None
5121, None, None
5123, None, None
5125, None, None
5127, None, None
5129, None, None
5131, None, None
5133, None, None
5135, None, None
5137, None, None
5139, None, None
5141, None, None
5143, None, None
5145, None, None
5147, None, None
5149, None, None
6001, None, None
6003, None, None
6005, None, None
6007, None, None
6009, None, None
6011, None, None
6013, None, None
6015, None, None
6017, None, None
6019, None, None
6021, None, None
6023, None, None
6025, None, None
6027, None, None
6029, None, None
6031, None, None
6033, None, None
6035, None, None
6037, None, None
6039, None, None
6041, None, None
6043, None, None
6045, None, None
6047, None, None
6049, None, None
6051, None, None
6053, None, None
6055, None, None
6057, None, None
6059, None, None
6061, None, None
6063, None, None
6065, None, None
6067, None, None
6069, None, None
6071, None, None
6073, None, None
6075, None, None
6077, None, None
6079, None, None
6081, None, None
6083, None, None
6085, None, None
6087, None, None
6089, None, None
6091, None, None
6093, None, None
6095, None, None
6097, None, None
6099, None, None
6101, None, None
6103, None, None
6105, None, None
6107, None, None
6109, None, None
6111, None, None
6113, None, None
6115, None, None
8001, None, None
8003, None, None
8005, None, None
8007, None, None
8009, None, None
8011, None, None
8013, None, None
8014, None, None
8015, None, None
8017, None, None
8019, None, None
8021, None, None
8023, None, None
8025, None, None
8027, None, None
8029, None, None
8031, None, None
8033, None, None
8035, None, None
8037, None, None
8039, None, None
8041, None, None
8043, None, None
8045, None, None
8047, None, None
8049, None, None
8051, None, None
8053, None, None
8055, None, None
8057, None, None
8059, None, None
8061, None, None
8063, None, None
8065, None, None
8067, None, None
8069, None, None
8071, None, None
8073, None, None
8075, None, None
8077, None, None
8079, None, None
8081, None, None
8083, None, None
8085, None, None
8087, None, None
8089, None, None
8091, None, None
8093, None, None
8095, None, None
8097, None, None
8099, None, None
8101, None, None
8103, None, None
8105, None, None
8107, None, None
8109, None, None
8111, None, None
8113, None, None
8115, None, None
8117, None, None
8119, None, None
8121, None, None
8123, None, None
8125, None, None
9001, None, None
9003, None, None
9005, None, None
9007, None, None
9009, None, None
9011, None, None
9013, None, None
9015, None, None
10001, None, None
10003, None, None
10005, None, None
11001, None, None
12001, None, None
12003, None, None
12005, None, None
12007, None, None
12009, None, None
12011, None, None
12013, None, None
12015, None, None
12017, None, None
12019, None, None
12021, None, None
12023, None, None
12027, None, None
12029, None, None
12031, None, None
12033, None, None
12035, None, None
12037, None, None
12039, None, None
12041, None, None
12043, None, None
12045, None, None
12047, None, None
12049, None, None
12051, None, None
12053, None, None
12055, None, None
12057, None, None
12059, None, None
12061, None, None
12063, None, None
12065, None, None
12067, None, None
12069, None, None
12071, None, None
12073, None, None
12075, None, None
12077, None, None
12079, None, None
12081, None, None
12083, None, None
12085, None, None
12086, None, None
12087, None, None
12089, None, None
12091, None, None
12093, None, None
12095, None, None
12097, None, None
12099, None, None
12101, None, None
12103, None, None
12105, None, None
12107, None, None
12109, None, None
12111, None, None
12113, None, None
12115, None, None
12117, None, None
12119, None, None
12121, None, None
12123, None, None
12125, None, None
12127, None, None
12129, None, None
12131, None, None
12133, None, None
13001, None, None
13003, None, None
13005, None, None
13007, None, None
13009, None, None
13011, None, None
13013, None, None
13015, None, None
13017, None, None
13019, None, None
13021, None, None
13023, None, None
13025, None, None
13027, None, None
13029, None, None
13031, None, None
13033, None, None
13035, None, None
13037, None, None
13039, None, None
13043, None, None
13045, None, None
13047, None, None
13049, None, None
13051, None, None
13053, None, None
13055, None, None
13057, None, None
13059, None, None
13061, None, None
13063, None, None
13065, None, None
13067, None, None
13069, None, None
13071, None, None
13073, None, None
13075, None, None
13077, None, None
13079, None, None
13081, None, None
13083, None, None
13085, None, None
13087, None, None
13089, None, None
13091, None, None
13093, None, None
13095, None, None
13097, None, None
13099, None, None
13101, None, None
13103, None, None
13105, None, None
13107, None, None
13109, None, None
13111, None, None
13113, None, None
13115, None, None
13117, None, None
13119, None, None
13121, None, None
13123, None, None
13125, None, None
13127, None, None
13129, None, None
13131, None, None
13133, None, None
13135, None, None
13137, None, None
13139, None, None
13141, None, None
13143, None, None
13145, None, None
13147, None, None
13149, None, None
13151, None, None
13153, None, None
13155, None, None
13157, None, None
13159, None, None
13161, None, None
13163, None, None
13165, None, None
13167, None, None
13169, None, None
13171, None, None
13173, None, None
13175, None, None
13177, None, None
13179, None, None
13181, None, None
13183, None, None
13185, None, None
13187, None, None
13189, None, None
13191, None, None
13193, None, None
13195, None, None
13197, None, None
13199, None, None
13201, None, None
13205, None, None
13207, None, None
13209, None, None
13211, None, None
13213, None, None
13215, None, None
13217, None, None
13219, None, None
13221, None, None
13223, None, None
13225, None, None
13227, None, None
13229, None, None
13231, None, None
13233, None, None
13235, None, None
13237, None, None
13239, None, None
13241, None, None
13243, None, None
13245, None, None
13247, None, None
13249, None, None
13251, None, None
13253, None, None
13255, None, None
13257, None, None
13259, None, None
13261, None, None
13263, None, None
13265, None, None
13267, None, None
13269, None, None
13271, None, None
13273, None, None
13275, None, None
13277, None, None
13279, None, None
13281, None, None
13283, None, None
13285, None, None
13287, None, None
13289, None, None
13291, None, None
13293, None, None
13295, None, None
13297, None, None
13299, None, None
13301, None, None
13303, None, None
13305, None, None
13307, None, None
13309, None, None
13311, None, None
13313, None, None
13315, None, None
13317, None, None
13319, None, None
13321, None, None
15001, None, None
15003, None, None
15005, None, None
15007, None, None
15009, None, None
16001, None, None
16003, None, None
16005, None, None
16007, None, None
16009, None, None
16011, None, None
16013, None, None
16015, None, None
16017, None, None
16019, None, None
16021, None, None
16023, None, None
16025, None, None
16027, None, None
16029, None, None
16031, None, None
16033, None, None
16035, None, None
16037, None, None
16039, None, None
16041, None, None
16043, None, None
16045, None, None
16047, None, None
16049, None, None
16051, None, None
16053, None, None
16055, None, None
16057, None, None
16059, None, None
16061, None, None
16063, None, None
16065, None, None
16067, None, None
16069, None, None
16071, None, None
16073, None, None
16075, None, None
16077, None, None
16079, None, None
16081, None, None
16083, None, None
16085, None, None
16087, None, None
17001, None, None
17003, None, None
17005, None, None
17007, None, None
17009, None, None
17011, None, None
17013, None, None
17015, None, None
17017, None, None
17019, None, None
17021, None, None
17023, None, None
17025, None, None
17027, None, None
17029, None, None
17031, None, None
17033, None, None
17035, None, None
17037, None, None
17039, None, None
17041, None, None
17043, None, None
17045, None, None
17047, None, None
17049, None, None
17051, None, None
17053, None, None
17055, None, None
17057, None, None
17059, None, None
17061, None, None
17063, None, None
17065, None, None
17067, None, None
17069, None, None
17071, None, None
17073, None, None
17075, None, None
17077, None, None
17079, None, None
17081, None, None
17083, None, None
17085, None, None
17087, None, None
17089, None, None
17091, None, None
17093, None, None
17095, None, None
17097, None, None
17099, None, None
17101, None, None
17103, None, None
17105, None, None
17107, None, None
17109, None, None
17111, None, None
17113, None, None
17115, None, None
17117, None, None
17119, None, None
17121, None, None
17123, None, None
17125, None, None
17127, None, None
17129, None, None
17131, None, None
17133, None, None
17135, None, None
17137, None, None
17139, None, None
17141, None, None
17143, None, None
17145, None, None
17147, None, None
17149, None, None
17151, None, None
17153, None, None
17155, None, None
17157, None, None
17159, None, None
17161, None, None
17163, None, None
17165, None, None
17167, None, None
17169, None, None
17171, None, None
17173, None, None
17175, None, None
17177, None, None
17179, None, None
17181, None, None
17183, None, None
17185, None, None
17187, None, None
17189, None, None
17191, None, None
17193, None, None
17195, None, None
17197, None, None
17199, None, None
17201, None, None
17203, None, None
18001, None, None
18003, None, None
18005, None, None
18007, None, None
18009, None, None
18011, None, None
18013, None, None
18015, None, None
18017, None, None
18019, None, None
18021, None, None
18023, None, None
18025, None, None
18027, None, None
18029, None, None
18031, None, None
18033, None, None
18035, None, None
18037, None, None
18039, None, None
18041, None, None
18043, None, None
18045, None, None
18047, None, None
18049, None, None
18051, None, None
18053, None, None
18055, None, None
18057, None, None
18059, None, None
18061, None, None
18063, None, None
18065, None, None
18067, None, None
18069, None, None
18071, None, None
18073, None, None
18075, None, None
18077, None, None
18079, None, None
18081, None, None
18083, None, None
18085, None, None
18087, None, None
18089, None, None
18091, None, None
18093, None, None
18095, None, None
18097, None, None
18099, None, None
18101, None, None
18103, None, None
18105, None, None
18107, None, None
18109, None, None
18111, None, None
18113, None, None
18115, None, None
18117, None, None
18119, None, None
18121, None, None
18123, None, None
18125, None, None
18127, None, None
18129, None, None
18131, None, None
18133, None, None
18135, None, None
18137, None, None
18139, None, None
18141, None, None
18143, None, None
18145, None, None
18147, None, None
18149, None, None
18151, None, None
18153, None, None
18155, None, None
18157, None, None
18159, None, None
18161, None, None
18163, None, None
18165, None, None
18167, None, None
18169, None, None
18171, None, None
18173, None, None
18175, None, None
18177, None, None
18179, None, None
18181, None, None
18183, None, None
19001, None, None
19003, None, None
19005, None, None
19007, None, None
19009, None, None
19011, None, None
19013, None, None
19015, None, None
19017, None, None
19019, None, None
19021, None, None
19023, None, None
19025, None, None
19027, None, None
19029, None, None
19031, None, None
19033, None, None
19035, None, None
19037, None, None
19039, None, None
19041, None, None
19043, None, None
19045, None, None
19047, None, None
19049, None, None
19051, None, None
19053, None, None
19055, None, None
19057, None, None
19059, None, None
19061, None, None
19063, None, None
19065, None, None
19067, None, None
19069, None, None
19071, None, None
19073, None, None
19075, None, None
19077, None, None
19079, None, None
19081, None, None
19083, None, None
19085, None, None
19087, None, None
19089, None, None
19091, None, None
19093, None, None
19095, None, None
19097, None, None
19099, None, None
19101, None, None
19103, None, None
19105, None, None
19107, None, None
19109, None, None
19111, None, None
19113, None, None
19115, None, None
19117, None, None
19119, None, None
19121, None, None
19123, None, None
19125, None, None
19127, None, None
19129, None, None
19131, None, None
19133, None, None
19135, None, None
19137, None, None
19139, None, None
19141, None, None
19143, None, None
19145, None, None
19147, None, None
19149, None, None
19151, None, None
19153, None, None
19155, None, None
19157, None, None
19159, None, None
19161, None, None
19163, None, None
19165, None, None
19167, None, None
19169, None, None
19171, None, None
19173, None, None
19175, None, None
19177, None, None
19179, None, None
19181, None, None
19183, None, None
19185, None, None
19187, None, None
19189, None, None
19191, None, None
19193, None, None
19195, None, None
19197, None, None
20001, None, None
20003, None, None
20005, None, None
20007, None, None
20009, None, None
20011, None, None
20013, None, None
20015, None, None
20017, None, None
20019, None, None
20021, None, None
20023, None, None
20025, None, None
20027, None, None
20029, None, None
20031, None, None
20033, None, None
20035, None, None
20037, None, None
20039, None, None
20041, None, None
20043, None, None
20045, None, None
20047, None, None
20049, None, None
20051, None, None
20053, None, None
20055, None, None
20057, None, None
20059, None, None
20061, None, None
20063, None, None
20065, None, None
20067, None, None
20069, None, None
20071, None, None
20073, None, None
20075, None, None
20077, None, None
20079, None, None
20081, None, None
20083, None, None
20085, None, None
20087, None, None
20089, None, None
20091, None, None
20093, None, None
20095, None, None
20097, None, None
20099, None, None
20101, None, None
20103, None, None
20105, None, None
20107, None, None
20109, None, None
20111, None, None
20113, None, None
20115, None, None
20117, None, None
20119, None, None
20121, None, None
20123, None, None
20125, None, None
20127, None, None
20129, None, None
20131, None, None
20133, None, None
20135, None, None
20137, None, None
20139, None, None
20141, None, None
20143, None, None
20145, None, None
20147, None, None
20149, None, None
20151, None, None
20153, None, None
20155, None, None
20157, None, None
20159, None, None
20161, None, None
20163, None, None
20165, None, None
20167, None, None
20169, None, None
20171, None, None
20173, None, None
20175, None, None
20177, None, None
20179, None, None
20181, None, None
20183, None, None
20185, None, None
20187, None, None
20189, None, None
20191, None, None
20193, None, None
20195, None, None
20197, None, None
20199, None, None
20201, None, None
20203, None, None
20205, None, None
20207, None, None
20209, None, None
21001, None, None
21003, None, None
21005, None, None
21007, None, None
21009, None, None
21011, None, None
21013, None, None
21015, None, None
21017, None, None
21019, None, None
21021, None, None
21023, None, None
21025, None, None
21027, None, None
21029, None, None
21031, None, None
21033, None, None
21035, None, None
21037, None, None
21039, None, None
21041, None, None
21043, None, None
21045, None, None
21047, None, None
21049, None, None
21051, None, None
21053, None, None
21055, None, None
21057, None, None
21059, None, None
21061, None, None
21063, None, None
21065, None, None
21067, None, None
21069, None, None
21071, None, None
21073, None, None
21075, None, None
21077, None, None
21079, None, None
21081, None, None
21083, None, None
21085, None, None
21087, None, None
21089, None, None
21091, None, None
21093, None, None
21095, None, None
21097, None, None
21099, None, None
21101, None, None
21103, None, None
21105, None, None
21107, None, None
21109, None, None
21111, None, None
21113, None, None
21115, None, None
21117, None, None
21119, None, None
21121, None, None
21123, None, None
21125, None, None
21127, None, None
21129, None, None
21131, None, None
21133, None, None
21135, None, None
21137, None, None
21139, None, None
21141, None, None
21143, None, None
21145, None, None
21147, None, None
21149, None, None
21151, None, None
21153, None, None
21155, None, None
21157, None, None
21159, None, None
21161, None, None
21163, None, None
21165, None, None
21167, None, None
21169, None, None
21171, None, None
21173, None, None
21175, None, None
21177, None, None
21179, None, None
21181, None, None
21183, None, None
21185, None, None
21187, None, None
21189, None, None
21191, None, None
21193, None, None
21195, None, None
21197, None, None
21199, None, None
21201, None, None
21203, None, None
21205, None, None
21207, None, None
21209, None, None
21211, None, None
21213, None, None
21215, None, None
21217, None, None
21219, None, None
21221, None, None
21223, None, None
21225, None, None
21227, None, None
21229, None, None
21231, None, None
21233, None, None
21235, None, None
21237, None, None
21239, None, None
22001, None, None
22003, None, None
22005, None, None
22007, None, None
22009, None, None
22011, None, None
22013, None, None
22015, None, None
22017, None, None
22019, None, None
22021, None, None
22023, None, None
22025, None, None
22027, None, None
22029, None, None
22031, None, None
22033, None, None
22035, None, None
22037, None, None
22039, None, None
22041, None, None
22043, None, None
22045, None, None
22047, None, None
22049, None, None
22051, None, None
22053, None, None
22055, None, None
22057, None, None
22059, None, None
22061, None, None
22063, None, None
22065, None, None
22067, None, None
22069, None, None
22071, None, None
22073, None, None
22075, None, None
22077, None, None
22079, None, None
22081, None, None
22083, None, None
22085, None, None
22087, None, None
22089, None, None
22091, None, None
22093, None, None
22095, None, None
22097, None, None
22099, None, None
22101, None, None
22103, None, None
22105, None, None
22107, None, None
22109, None, None
22111, None, None
22113, None, None
22115, None, None
22117, None, None
22119, None, None
22121, None, None
22123, None, None
22125, None, None
22127, None, None
23001, None, None
23003, None, None
23005, None, None
23007, None, None
23009, None, None
23011, None, None
23013, None, None
23015, None, None
23017, None, None
23019, None, None
23021, None, None
23023, None, None
23025, None, None
23027, None, None
23029, None, None
23031, None, None
24001, None, None
24003, None, None
24005, None, None
24009, None, None
24011, None, None
24013, None, None
24015, None, None
24017, None, None
24019, None, None
24021, None, None
24023, None, None
24025, None, None
24027, None, None
24029, None, None
24031, None, None
24033, None, None
24035, None, None
24037, None, None
24039, None, None
24041, None, None
24043, None, None
24045, None, None
24047, None, None
24510, None, None
25001, None, None
25003, None, None
25005, None, None
25007, None, None
25009, None, None
25011, None, None
25013, None, None
25015, None, None
25017, None, None
25019, None, None
25021, None, None
25023, None, None
25025, None, None
25027, None, None
26001, None, None
26003, None, None
26005, None, None
26007, None, None
26009, None, None
26011, None, None
26013, None, None
26015, None, None
26017, None, None
26019, None, None
26021, None, None
26023, None, None
26025, None, None
26027, None, None
26029, None, None
26031, None, None
26033, None, None
26035, None, None
26037, None, None
26039, None, None
26041, None, None
26043, None, None
26045, None, None
26047, None, None
26049, None, None
26051, None, None
26053, None, None
26055, None, None
26057, None, None
26059, None, None
26061, None, None
26063, None, None
26065, None, None
26067, None, None
26069, None, None
26071, None, None
26073, None, None
26075, None, None
26077, None, None
26079, None, None
26081, None, None
26083, None, None
26085, None, None
26087, None, None
26089, None, None
26091, None, None
26093, None, None
26095, None, None
26097, None, None
26099, None, None
26101, None, None
26103, None, None
26105, None, None
26107, None, None
26109, None, None
26111, None, None
26113, None, None
26115, None, None
26117, None, None
26119, None, None
26121, None, None
26123, None, None
26125, None, None
26127, None, None
26129, None, None
26131, None, None
26133, None, None
26135, None, None
26137, None, None
26139, None, None
26141, None, None
26143, None, None
26145, None, None
26147, None, None
26149, None, None
26151, None, None
26153, None, None
26155, None, None
26157, None, None
26159, None, None
26161, None, None
26163, None, None
26165, None, None
27001, None, None
27003, None, None
27005, None, None
27007, None, None
27009, None, None
27011, None, None
27013, None, None
27015, None, None
27017, None, None
27019, None, None
27021, None, None
27023, None, None
27025, None, None
27027, None, None
27029, None, None
27031, None, None
27033, None, None
27035, None, None
27037, None, None
27039, None, None
27041, None, None
27043, None, None
27045, None, None
27047, None, None
27049, None, None
27051, None, None
27053, None, None
27055, None, None
27057, None, None
27059, None, None
27061, None, None
27063, None, None
27065, None, None
27067, None, None
27069, None, None
27071, None, None
27073, None, None
27075, None, None
27077, None, None
27079, None, None
27081, None, None
27083, None, None
27085, None, None
27087, None, None
27089, None, None
27091, None, None
27093, None, None
27095, None, None
27097, None, None
27099, None, None
27101, None, None
27103, None, None
27105, None, None
27107, None, None
27109, None, None
27111, None, None
27113, None, None
27115, None, None
27117, None, None
27119, None, None
27121, None, None
27123, None, None
27125, None, None
27127, None, None
27129, None, None
27131, None, None
27133, None, None
27135, None, None
27137, None, None
27139, None, None
27141, None, None
27143, None, None
27145, None, None
27147, None, None
27149, None, None
27151, None, None
27153, None, None
27155, None, None
27157, None, None
27159, None, None
27161, None, None
27163, None, None
27165, None, None
27167, None, None
27169, None, None
27171, None, None
27173, None, None
28001, None, None
28003, None, None
28005, None, None
28007, None, None
28009, None, None
28011, None, None
28013, None, None
28015, None, None
28017, None, None
28019, None, None
28021, None, None
28023, None, None
28025, None, None
28027, None, None
28029, None, None
28031, None, None
28033, None, None
28035, None, None
28037, None, None
28039, None, None
28041, None, None
28043, None, None
28045, None, None
28047, None, None
28049, None, None
28051, None, None
28053, None, None
28055, None, None
28057, None, None
28059, None, None
28061, None, None
28063, None, None
28065, None, None
28067, None, None
28069, None, None
28071, None, None
28073, None, None
28075, None, None
28077, None, None
28079, None, None
28081, None, None
28083, None, None
28085, None, None
28087, None, None
28089, None, None
28091, None, None
28093, None, None
28095, None, None
28097, None, None
28099, None, None
28101, None, None
28103, None, None
28105, None, None
28107, None, None
28109, None, None
28111, None, None
28113, None, None
28115, None, None
28117, None, None
28119, None, None
28121, None, None
28123, None, None
28125, None, None
28127, None, None
28129, None, None
28131, None, None
28133, None, None
28135, None, None
28137, None, None
28139, None, None
28141, None, None
28143, None, None
28145, None, None
28147, None, None
28149, None, None
28151, None, None
28153, None, None
28155, None, None
28157, None, None
28159, None, None
28161, None, None
28163, None, None
29001, None, None
29003, None, None
29005, None, None
29007, None, None
29009, None, None
29011, None, None
29013, None, None
29015, None, None
29017, None, None
29019, None, None
29021, None, None
29023, None, None
29025, None, None
29027, None, None
29029, None, None
29031, None, None
29033, None, None
29035, None, None
29037, None, None
29039, None, None
29041, None, None
29043, None, None
29045, None, None
29047, None, None
29049, None, None
29051, None, None
29053, None, None
29055, None, None
29057, None, None
29059, None, None
29061, None, None
29063, None, None
29065, None, None
29067, None, None
29069, None, None
29071, None, None
29073, None, None
29075, None, None
29077, None, None
29079, None, None
29081, None, None
29083, None, None
29085, None, None
29087, None, None
29089, None, None
29091, None, None
29093, None, None
29095, None, None
29097, None, None
29099, None, None
29101, None, None
29103, None, None
29105, None, None
29107, None, None
29109, None, None
29111, None, None
29113, None, None
29115, None, None
29117, None, None
29119, None, None
29121, None, None
29123, None, None
29125, None, None
29127, None, None
29129, None, None
29131, None, None
29133, None, None
29135, None, None
29137, None, None
29139, None, None
29141, None, None
29143, None, None
29145, None, None
29147, None, None
29149, None, None
29151, None, None
29153, None, None
29155, None, None
29157, None, None
29159, None, None
29161, None, None
29163, None, None
29165, None, None
29167, None, None
29169, None, None
29171, None, None
29173, None, None
29175, None, None
29177, None, None
29179, None, None
29181, None, None
29183, None, None
29185, None, None
29186, None, None
29187, None, None
29189, None, None
29195, None, None
29197, None, None
29199, None, None
29201, None, None
29203, None, None
29205, None, None
29207, None, None
29209, None, None
29211, None, None
29213, None, None
29215, None, None
29217, None, None
29219, None, None
29221, None, None
29223, None, None
29225, None, None
29227, None, None
29229, None, None
29510, None, None
30001, None, None
30003, None, None
30005, None, None
30007, None, None
30009, None, None
30011, None, None
30013, None, None
30015, None, None
30017, None, None
30019, None, None
30021, None, None
30023, None, None
30025, None, None
30027, None, None
30029, None, None
30031, None, None
30033, None, None
30035, None, None
30037, None, None
30039, None, None
30041, None, None
30043, None, None
30045, None, None
30047, None, None
30049, None, None
30051, None, None
30053, None, None
30055, None, None
30057, None, None
30059, None, None
30061, None, None
30063, None, None
30065, None, None
30067, None, None
30069, None, None
30071, None, None
30073, None, None
30075, None, None
30077, None, None
30079, None, None
30081, None, None
30083, None, None
30085, None, None
30087, None, None
30089, None, None
30091, None, None
30093, None, None
30095, None, None
30097, None, None
30099, None, None
30101, None, None
30103, None, None
30105, None, None
30107, None, None
30109, None, None
30111, None, None
31001, None, None
31003, None, None
31005, None, None
31007, None, None
31009, None, None
31011, None, None
31013, None, None
31015, None, None
31017, None, None
31019, None, None
31021, None, None
31023, None, None
31025, None, None
31027, None, None
31029, None, None
31031, None, None
31033, None, None
31035, None, None
31037, None, None
31039, None, None
31041, None, None
31043, None, None
31045, None, None
31047, None, None
31049, None, None
31051, None, None
31053, None, None
31055, None, None
31057, None, None
31059, None, None
31061, None, None
31063, None, None
31065, None, None
31067, None, None
31069, None, None
31071, None, None
31073, None, None
31075, None, None
31077, None, None
31079, None, None
31081, None, None
31083, None, None
31085, None, None
31087, None, None
31089, None, None
31091, None, None
31093, None, None
31095, None, None
31097, None, None
31099, None, None
31101, None, None
31103, None, None
31105, None, None
31107, None, None
31109, None, None
31111, None, None
31113, None, None
31115, None, None
31119, None, None
31121, None, None
31123, None, None
31125, None, None
31127, None, None
31129, None, None
31131, None, None
31133, None, None
31135, None, None
31137, None, None
31139, None, None
31141, None, None
31143, None, None
31145, None, None
31147, None, None
31149, None, None
31151, None, None
31153, None, None
31155, None, None
31157, None, None
31159, None, None
31161, None, None
31163, None, None
31165, None, None
31167, None, None
31169, None, None
31171, None, None
31173, None, None
31175, None, None
31177, None, None
31179, None, None
31181, None, None
31183, None, None
31185, None, None
32001, None, None
32003, None, None
32005, None, None
32007, None, None
32009, None, None
32011, None, None
32013, None, None
32015, None, None
32017, None, None
32019, None, None
32021, None, None
32023, None, None
32027, None, None
32029, None, None
32031, None, None
32033, None, None
32510, None, None
33001, None, None
33003, None, None
33005, None, None
33007, None, None
33009, None, None
33011, None, None
33013, None, None
33015, None, None
33017, None, None
33019, None, None
34001, None, None
34003, None, None
34005, None, None
34007, None, None
34009, None, None
34011, None, None
34013, None, None
34015, None, None
34017, None, None
34019, None, None
34021, None, None
34023, None, None
34025, None, None
34027, None, None
34029, None, None
34031, None, None
34033, None, None
34035, None, None
34037, None, None
34039, None, None
34041, None, None
35001, None, None
35003, None, None
35005, None, None
35006, None, None
35007, None, None
35009, None, None
35011, None, None
35013, None, None
35015, None, None
35017, None, None
35019, None, None
35021, None, None
35023, None, None
35025, None, None
35027, None, None
35028, None, None
35029, None, None
35031, None, None
35033, None, None
35035, None, None
35037, None, None
35039, None, None
35041, None, None
35043, None, None
35045, None, None
35047, None, None
35049, None, None
35051, None, None
35053, None, None
35055, None, None
35057, None, None
35059, None, None
35061, None, None
36001, None, None
36003, None, None
36005, None, None
36007, None, None
36009, None, None
36011, None, None
36013, None, None
36015, None, None
36017, None, None
36019, None, None
36021, None, None
36023, None, None
36025, None, None
36027, None, None
36029, None, None
36031, None, None
36033, None, None
36035, None, None
36037, None, None
36039, None, None
36041, None, None
36043, None, None
36045, None, None
36047, None, None
36049, None, None
36051, None, None
36053, None, None
36055, None, None
36057, None, None
36059, None, None
36061, None, None
36063, None, None
36065, None, None
36067, None, None
36069, None, None
36071, None, None
36073, None, None
36075, None, None
36077, None, None
36079, None, None
36081, None, None
36083, None, None
36085, None, None
36087, None, None
36089, None, None
36091, None, None
36093, None, None
36095, None, None
36097, None, None
36099, None, None
36101, None, None
36103, None, None
36105, None, None
36107, None, None
36109, None, None
36111, None, None
36113, None, None
36115, None, None
36117, None, None
36119, None, None
36121, None, None
36123, None, None
37001, None, None
37003, None, None
37005, None, None
37007, None, None
37009, None, None
37011, None, None
37013, None, None
37015, None, None
37017, None, None
37019, None, None
37021, None, None
37023, None, None
37025, None, None
37027, None, None
37029, None, None
37031, None, None
37033, None, None
37035, None, None
37037, None, None
37039, None, None
37041, None, None
37043, None, None
37045, None, None
37047, None, None
37049, None, None
37051, None, None
37053, None, None
37055, None, None
37057, None, None
37059, None, None
37061, None, None
37063, None, None
37065, None, None
37067, None, None
37069, None, None
37071, None, None
37073, None, None
37075, None, None
37077, None, None
37079, None, None
37081, None, None
37083, None, None
37085, None, None
37087, None, None
37089, None, None
37091, None, None
37093, None, None
37095, None, None
37097, None, None
37099, None, None
37101, None, None
37103, None, None
37105, None, None
37107, None, None
37109, None, None
37111, None, None
37113, None, None
37115, None, None
37117, None, None
37119, None, None
37121, None, None
37123, None, None
37125, None, None
37127, None, None
37129, None, None
37131, None, None
37133, None, None
37135, None, None
37137, None, None
37139, None, None
37141, None, None
37143, None, None
37145, None, None
37147, None, None
37149, None, None
37151, None, None
37153, None, None
37155, None, None
37157, None, None
37159, None, None
37161, None, None
37163, None, None
37165, None, None
37167, None, None
37169, None, None
37171, None, None
37173, None, None
37175, None, None
37177, None, None
37179, None, None
37181, None, None
37183, None, None
37185, None, None
37187, None, None
37189, None, None
37191, None, None
37193, None, None
37195, None, None
37197, None, None
37199, None, None
38001, None, None
38003, None, None
38005, None, None
38007, None, None
38009, None, None
38011, None, None
38013, None, None
38015, None, None
38017, None, None
38019, None, None
38021, None, None
38023, None, None
38025, None, None
38027, None, None
38029, None, None
38031, None, None
38033, None, None
38035, None, None
38037, None, None
38039, None, None
38041, None, None
38043, None, None
38045, None, None
38047, None, None
38049, None, None
38051, None, None
38053, None, None
38055, None, None
38057, None, None
38059, None, None
38061, None, None
38063, None, None
38065, None, None
38067, None, None
38069, None, None
38071, None, None
38073, None, None
38075, None, None
38077, None, None
38079, None, None
38081, None, None
38083, None, None
38085, None, None
38087, None, None
38089, None, None
38091, None, None
38093, None, None
38095, None, None
38097, None, None
38099, None, None
38101, None, None
38103, None, None
38105, None, None
39001, None, None
39003, None, None
39005, None, None
39007, None, None
39009, None, None
39011, None, None
39013, None, None
39015, None, None
39017, None, None
39019, None, None
39021, None, None
39023, None, None
39025, None, None
39027, None, None
39029, None, None
39031, None, None
39033, None, None
39035, None, None
39037, None, None
39039, None, None
39041, None, None
39043, None, None
39045, None, None
39047, None, None
39049, None, None
39051, None, None
39053, None, None
39055, None, None
39057, None, None
39059, None, None
39061, None, None
39063, None, None
39065, None, None
39067, None, None
39069, None, None
39071, None, None
39073, None, None
39075, None, None
39077, None, None
39079, None, None
39081, None, None
39083, None, None
39085, None, None
39087, None, None
39089, None, None
39091, None, None
39093, None, None
39095, None, None
39097, None, None
39099, None, None
39101, None, None
39103, None, None
39105, None, None
39107, None, None
39109, None, None
39111, None, None
39113, None, None
39115, None, None
39117, None, None
39119, None, None
39121, None, None
39123, None, None
39125, None, None
39127, None, None
39129, None, None
39131, None, None
39133, None, None
39135, None, None
39137, None, None
39139, None, None
39141, None, None
39143, None, None
39145, None, None
39147, None, None
39149, None, None
39151, None, None
39153, None, None
39155, None, None
39157, None, None
39159, None, None
39161, None, None
39163, None, None
39165, None, None
39167, None, None
39169, None, None
39171, None, None
39173, None, None
39175, None, None
40001, None, None
40003, None, None
40005, None, None
40007, None, None
40009, None, None
40011, None, None
40013, None, None
40015, None, None
40017, None, None
40019, None, None
40021, None, None
40023, None, None
40025, None, None
40027, None, None
40029, None, None
40031, None, None
40033, None, None
40035, None, None
40037, None, None
40039, None, None
40041, None, None
40043, None, None
40045, None, None
40047, None, None
40049, None, None
40051, None, None
40053, None, None
40055, None, None
40057, None, None
40059, None, None
40061, None, None
40063, None, None
40065, None, None
40067, None, None
40069, None, None
40071, None, None
40073, None, None
40075, None, None
40077, None, None
40079, None, None
40081, None, None
40083, None, None
40085, None, None
40087, None, None
40089, None, None
40091, None, None
40093, None, None
40095, None, None
40097, None, None
40099, None, None
40101, None, None
40103, None, None
40105, None, None
40107, None, None
40109, None, None
40111, None, None
40113, None, None
40115, None, None
40117, None, None
40119, None, None
40121, None, None
40123, None, None
40125, None, None
40127, None, None
40129, None, None
40131, None, None
40133, None, None
40135, None, None
40137, None, None
40139, None, None
40141, None, None
40143, None, None
40145, None, None
40147, None, None
40149, None, None
40151, None, None
40153, None, None
41001, None, None
41003, None, None
41005, None, None
41007, None, None
41009, None, None
41011, None, None
41013, None, None
41015, None, None
41017, None, None
41019, None, None
41021, None, None
41023, None, None
41025, None, None
41027, None, None
41029, None, None
41031, None, None
41033, None, None
41035, None, None
41037, None, None
41039, None, None
41041, None, None
41043, None, None
41045, None, None
41047, None, None
41049, None, None
41051, None, None
41053, None, None
41055, None, None
41057, None, None
41059, None, None
41061, None, None
41063, None, None
41065, None, None
41067, None, None
41069, None, None
41071, None, None
42001, None, None
42003, None, None
42005, None, None
42007, None, None
42009, None, None
42011, None, None
42013, None, None
42015, None, None
42017, None, None
42019, None, None
42021, None, None
42023, None, None
42025, None, None
42027, None, None
42029, None, None
42031, None, None
42033, None, None
42035, None, None
42037, None, None
42039, None, None
42041, None, None
42043, None, None
42045, None, None
42047, None, None
42049, None, None
42051, None, None
42053, None, None
42055, None, None
42057, None, None
42059, None, None
42061, None, None
42063, None, None
42065, None, None
42067, None, None
42069, None, None
42071, None, None
42073, None, None
42075, None, None
42077, None, None
42079, None, None
42081, None, None
42083, None, None
42085, None, None
42087, None, None
42089, None, None
42091, None, None
42093, None, None
42095, None, None
42097, None, None
42099, None, None
42101, None, None
42103, None, None
42105, None, None
42107, None, None
42109, None, None
42111, None, None
42113, None, None
42115, None, None
42117, None, None
42119, None, None
42121, None, None
42123, None, None
42125, None, None
42127, None, None
42129, None, None
42131, None, None
42133, None, None
44001, None, None
44003, None, None
44005, None, None
44007, None, None
44009, None, None
45001, None, None
45003, None, None
45005, None, None
45007, None, None
45009, None, None
45011, None, None
45013, None, None
45015, None, None
45017, None, None
45019, None, None
45021, None, None
45023, None, None
45025, None, None
45027, None, None
45029, None, None
45031, None, None
45033, None, None
45035, None, None
45037, None, None
45039, None, None
45041, None, None
45043, None, None
45045, None, None
45047, None, None
45049, None, None
45051, None, None
45053, None, None
45055, None, None
45057, None, None
45059, None, None
45061, None, None
45063, None, None
45065, None, None
45067, None, None
45069, None, None
45071, None, None
45073, None, None
45075, None, None
45077, None, None
45079, None, None
45081, None, None
45083, None, None
45085, None, None
45087, None, None
45089, None, None
45091, None, None
46003, None, None
46005, None, None
46007, None, None
46009, None, None
46011, None, None
46013, None, None
46015, None, None
46017, None, None
46019, None, None
46021, None, None
46023, None, None
46025, None, None
46027, None, None
46029, None, None
46031, None, None
46033, None, None
46035, None, None
46037, None, None
46039, None, None
46041, None, None
46043, None, None
46045, None, None
46047, None, None
46049, None, None
46051, None, None
46053, None, None
46055, None, None
46057, None, None
46059, None, None
46061, None, None
46063, None, None
46065, None, None
46067, None, None
46069, None, None
46071, None, None
46073, None, None
46075, None, None
46077, None, None
46079, None, None
46081, None, None
46083, None, None
46085, None, None
46087, None, None
46089, None, None
46091, None, None
46093, None, None
46095, None, None
46097, None, None
46099, None, None
46101, None, None
46103, None, None
46105, None, None
46107, None, None
46109, None, None
46111, None, None
46115, None, None
46117, None, None
46119, None, None
46121, None, None
46123, None, None
46125, None, None
46127, None, None
46129, None, None
46135, None, None
46137, None, None
47001, None, None
47003, None, None
47005, None, None
47007, None, None
47009, None, None
47011, None, None
47013, None, None
47015, None, None
47017, None, None
47019, None, None
47021, None, None
47023, None, None
47025, None, None
47027, None, None
47029, None, None
47031, None, None
47033, None, None
47035, None, None
47037, None, None
47039, None, None
47041, None, None
47043, None, None
47045, None, None
47047, None, None
47049, None, None
47051, None, None
47053, None, None
47055, None, None
47057, None, None
47059, None, None
47061, None, None
47063, None, None
47065, None, None
47067, None, None
47069, None, None
47071, None, None
47073, None, None
47075, None, None
47077, None, None
47079, None, None
47081, None, None
47083, None, None
47085, None, None
47087, None, None
47089, None, None
47091, None, None
47093, None, None
47095, None, None
47097, None, None
47099, None, None
47101, None, None
47103, None, None
47105, None, None
47107, None, None
47109, None, None
47111, None, None
47113, None, None
47115, None, None
47117, None, None
47119, None, None
47121, None, None
47123, None, None
47125, None, None
47127, None, None
47129, None, None
47131, None, None
47133, None, None
47135, None, None
47137, None, None
47139, None, None
47141, None, None
47143, None, None
47145, None, None
47147, None, None
47149, None, None
47151, None, None
47153, None, None
47155, None, None
47157, None, None
47159, None, None
47161, None, None
47163, None, None
47165, None, None
47167, None, None
47169, None, None
47171, None, None
47173, None, None
47175, None, None
47177, None, None
47179, None, None
47181, None, None
47183, None, None
47185, None, None
47187, None, None
47189, None, None
48001, None, None
48003, None, None
48005, None, None
48007, None, None
48009, None, None
48011, None, None
48013, None, None
48015, None, None
48017, None, None
48019, None, None
48021, None, None
48023, None, None
48025, None, None
48027, None, None
48029, None, None
48031, None, None
48033, None, None
48035, None, None
48037, None, None
48039, None, None
48041, None, None
48043, None, None
48045, None, None
48047, None, None
48049, None, None
48051, None, None
48053, None, None
48055, None, None
48057, None, None
48059, None, None
48061, None, None
48063, None, None
48065, None, None
48067, None, None
48069, None, None
48071, None, None
48073, None, None
48075, None, None
48077, None, None
48079, None, None
48081, None, None
48083, None, None
48085, None, None
48087, None, None
48089, None, None
48091, None, None
48093, None, None
48095, None, None
48097, None, None
48099, None, None
48101, None, None
48103, None, None
48105, None, None
48107, None, None
48109, None, None
48111, None, None
48113, None, None
48115, None, None
48117, None, None
48119, None, None
48121, None, None
48123, None, None
48125, None, None
48127, None, None
48129, None, None
48131, None, None
48133, None, None
48135, None, None
48137, None, None
48139, None, None
48141, None, None
48143, None, None
48145, None, None
48147, None, None
48149, None, None
48151, None, None
48153, None, None
48155, None, None
48157, None, None
48159, None, None
48161, None, None
48163, None, None
48165, None, None
48167, None, None
48169, None, None
48171, None, None
48173, None, None
48175, None, None
48177, None, None
48179, None, None
48181, None, None
48183, None, None
48185, None, None
48187, None, None
48189, None, None
48191, None, None
48193, None, None
48195, None, None
48197, None, None
48199, None, None
48201, None, None
48203, None, None
48205, None, None
48207, None, None
48209, None, None
48211, None, None
48213, None, None
48215, None, None
48217, None, None
48219, None, None
48221, None, None
48223, None, None
48225, None, None
48227, None, None
48229, None, None
48231, None, None
48233, None, None
48235, None, None
48237, None, None
48239, None, None
48241, None, None
48243, None, None
48245, None, None
48247, None, None
48249, None, None
48251, None, None
48253, None, None
48255, None, None
48257, None, None
48259, None, None
48261, None, None
48263, None, None
48265, None, None
48267, None, None
48269, None, None
48271, None, None
48273, None, None
48275, None, None
48277, None, None
48279, None, None
48281, None, None
48283, None, None
48285, None, None
48287, None, None
48289, None, None
48291, None, None
48293, None, None
48295, None, None
48297, None, None
48299, None, None
48301, None, None
48303, None, None
48305, None, None
48307, None, None
48309, None, None
48311, None, None
48313, None, None
48315, None, None
48317, None, None
48319, None, None
48321, None, None
48323, None, None
48325, None, None
48327, None, None
48329, None, None
48331, None, None
48333, None, None
48335, None, None
48337, None, None
48339, None, None
48341, None, None
48343, None, None
48345, None, None
48347, None, None
48349, None, None
48351, None, None
48353, None, None
48355, None, None
48357, None, None
48359, None, None
48361, None, None
48363, None, None
48365, None, None
48367, None, None
48369, None, None
48371, None, None
48373, None, None
48375, None, None
48377, None, None
48379, None, None
48381, None, None
48383, None, None
48385, None, None
48387, None, None
48389, None, None
48391, None, None
48393, None, None
48395, None, None
48397, None, None
48399, None, None
48401, None, None
48403, None, None
48405, None, None
48407, None, None
48409, None, None
48411, None, None
48413, None, None
48415, None, None
48417, None, None
48419, None, None
48421, None, None
48423, None, None
48425, None, None
48427, None, None
48429, None, None
48431, None, None
48433, None, None
48435, None, None
48437, None, None
48439, None, None
48441, None, None
48443, None, None
48445, None, None
48447, None, None
48449, None, None
48451, None, None
48453, None, None
48455, None, None
48457, None, None
48459, None, None
48461, None, None
48463, None, None
48465, None, None
48467, None, None
48469, None, None
48471, None, None
48473, None, None
48475, None, None
48477, None, None
48479, None, None
48481, None, None
48483, None, None
48485, None, None
48487, None, None
48489, None, None
48491, None, None
48493, None, None
48495, None, None
48497, None, None
48499, None, None
48501, None, None
48503, None, None
48505, None, None
48507, None, None
49001, None, None
49003, None, None
49005, None, None
49007, None, None
49009, None, None
49011, None, None
49013, None, None
49015, None, None
49017, None, None
49019, None, None
49021, None, None
49023, None, None
49025, None, None
49027, None, None
49029, None, None
49031, None, None
49033, None, None
49035, None, None
49037, None, None
49039, None, None
49041, None, None
49043, None, None
49045, None, None
49047, None, None
49049, None, None
49051, None, None
49053, None, None
49055, None, None
49057, None, None
50001, None, None
50003, None, None
50005, None, None
50007, None, None
50009, None, None
50011, None, None
50013, None, None
50015, None, None
50017, None, None
50019, None, None
50021, None, None
50023, None, None
50025, None, None
50027, None, None
51001, None, None
51003, None, None
51005, None, None
51007, None, None
51009, None, None
51011, None, None
51013, None, None
51015, None, None
51017, None, None
51019, None, None
51021, None, None
51023, None, None
51025, None, None
51027, None, None
51029, None, None
51031, None, None
51033, None, None
51035, None, None
51036, None, None
51037, None, None
51041, None, None
51043, None, None
51045, None, None
51047, None, None
51049, None, None
51051, None, None
51053, None, None
51057, None, None
51059, None, None
51061, None, None
51063, None, None
51065, None, None
51067, None, None
51069, None, None
51071, None, None
51073, None, None
51075, None, None
51077, None, None
51079, None, None
51081, None, None
51083, None, None
51085, None, None
51087, None, None
51089, None, None
51091, None, None
51093, None, None
51095, None, None
51097, None, None
51099, None, None
51101, None, None
51103, None, None
51105, None, None
51107, None, None
51109, None, None
51111, None, None
51113, None, None
51115, None, None
51117, None, None
51119, None, None
51121, None, None
51125, None, None
51127, None, None
51131, None, None
51133, None, None
51135, None, None
51137, None, None
51139, None, None
51141, None, None
51143, None, None
51145, None, None
51147, None, None
51149, None, None
51153, None, None
51155, None, None
51157, None, None
51159, None, None
51161, None, None
51163, None, None
51165, None, None
51167, None, None
51169, None, None
51171, None, None
51173, None, None
51175, None, None
51177, None, None
51179, None, None
51181, None, None
51183, None, None
51185, None, None
51187, None, None
51191, None, None
51193, None, None
51195, None, None
51197, None, None
51199, None, None
51510, None, None
51520, None, None
51530, None, None
51540, None, None
51550, None, None
51570, None, None
51590, None, None
51595, None, None
51600, None, None
51610, None, None
51620, None, None
51630, None, None
51650, None, None
51660, None, None
51670, None, None
51678, None, None
51680, None, None
51683, None, None
51685, None, None
51700, None, None
51710, None, None
51720, None, None
51730, None, None
51735, None, None
51740, None, None
51750, None, None
51760, None, None
51770, None, None
51775, None, None
51790, None, None
51800, None, None
51810, None, None
51820, None, None
51830, None, None
51840, None, None
53001, None, None
53003, None, None
53005, None, None
53007, None, None
53009, None, None
53011, None, None
53013, None, None
53015, None, None
53017, None, None
53019, None, None
53021, None, None
53023, None, None
53025, None, None
53027, None, None
53029, None, None
53031, None, None
53033, None, None
53035, None, None
53037, None, None
53039, None, None
53041, None, None
53043, None, None
53045, None, None
53047, None, None
53049, None, None
53051, None, None
53053, None, None
53055, None, None
53057, None, None
53059, None, None
53061, None, None
53063, None, None
53065, None, None
53067, None, None
53069, None, None
53071, None, None
53073, None, None
53075, None, None
53077, None, None
54001, None, None
54003, None, None
54005, None, None
54007, None, None
54009, None, None
54011, None, None
54013, None, None
54015, None, None
54017, None, None
54019, None, None
54021, None, None
54023, None, None
54025, None, None
54027, None, None
54029, None, None
54031, None, None
54033, None, None
54035, None, None
54037, None, None
54039, None, None
54041, None, None
54043, None, None
54045, None, None
54047, None, None
54049, None, None
54051, None, None
54053, None, None
54055, None, None
54057, None, None
54059, None, None
54061, None, None
54063, None, None
54065, None, None
54067, None, None
54069, None, None
54071, None, None
54073, None, None
54075, None, None
54077, None, None
54079, None, None
54081, None, None
54083, None, None
54085, None, None
54087, None, None
54089, None, None
54091, None, None
54093, None, None
54095, None, None
54097, None, None
54099, None, None
54101, None, None
54103, None, None
54105, None, None
54107, None, None
54109, None, None
55001, None, None
55003, None, None
55005, None, None
55007, None, None
55009, None, None
55011, None, None
55013, None, None
55015, None, None
55017, None, None
55019, None, None
55021, None, None
55023, None, None
55025, None, None
55027, None, None
55029, None, None
55031, None, None
55033, None, None
55035, None, None
55037, None, None
55039, None, None
55041, None, None
55043, None, None
55045, None, None
55047, None, None
55049, None, None
55051, None, None
55053, None, None
55055, None, None
55057, None, None
55059, None, None
55061, None, None
55063, None, None
55065, None, None
55067, None, None
55069, None, None
55071, None, None
55073, None, None
55075, None, None
55077, None, None
55078, None, None
55079, None, None
55081, None, None
55083, None, None
55085, None, None
55087, None, None
55089, None, None
55091, None, None
55093, None, None
55095, None, None
55097, None, None
55099, None, None
55101, None, None
55103, None, None
55105, None, None
55107, None, None
55109, None, None
55111, None, None
55113, None, None
55115, None, None
55117, None, None
55119, None, None
55121, None, None
55123, None, None
55125, None, None
55127, None, None
55129, None, None
55131, None, None
55133, None, None
55135, None, None
55137, None, None
55139, None, None
55141, None, None
56001, None, None
56003, None, None
56005, None, None
56007, None, None
56009, None, None
56011, None, None
56013, None, None
56015, None, None
56017, None, None
56019, None, None
56021, None, None
56023, None, None
56025, None, None
56027, None, None
56029, None, None
56031, None, None
56033, None, None
56035, None, None
56037, None, None
56039, None, None
56041, None, None
56043, None, None
56045, None, None
